[
    {
        "title": "NLW 5 Flutter",
        "imagem": "blocks",
        "level": "facil",
        "questionAnswered": 2,
        "questions": [
            {
                "title": "Está curtindo?",
                "answers": [
                    {"title": "Estou gostando"},
                    {"title": "Estou gostando"},
                    {"title": "Estou gostando"},
                    {"title": "Estou gostando", "isRight": true}
                ]
            },
            {
                "title": "Está curtindo?",
                "answers": [
                    {"title": "Estou gostando"},
                    {"title": "Estou gostando"},
                    {"title": "Estou gostando"},
                    {"title": "Estou gostando", "isRight": true}
                ]
            }
        ]
    },
    {
        "title": "NLW 5 Flutter",
        "imagem": "blocks",
        "level": "facil",
        "questionAnswered": 2,
        "questions": [
            {
                "title": "Está curtindo?",
                "answers": [
                    {"title": "Estou gostando"},
                    {"title": "Estou gostando"},
                    {"title": "Estou gostando"},
                    {"title": "Estou gostando", "isRight": true}
                ]
            },
            {
                "title": "Está curtindo?",
                "answers": [
                    {"title": "Estou gostando"},
                    {"title": "Estou gostando"},
                    {"title": "Estou gostando"},
                    {"title": "Estou gostando", "isRight": true}
                ]
            }
        ]
    }
]