{"assets/database/quizzes.json":["assets/database/quizzes.json"],"assets/database/user.json":["assets/database/user.json"],"assets/images/blocks.png":["assets/images/blocks.png"],"assets/images/check.png":["assets/images/check.png"],"assets/images/data.png":["assets/images/data.png"],"assets/images/error.png":["assets/images/error.png"],"assets/images/hierarchy.png":["assets/images/hierarchy.png"],"assets/images/laptop.png":["assets/images/laptop.png"],"assets/images/logo.png":["assets/images/logo.png"],"assets/images/logoo.png":["assets/images/logoo.png"],"assets/images/trophy.png":["assets/images/trophy.png"],"packages/cupertino_icons/assets/CupertinoIcons.ttf":["packages/cupertino_icons/assets/CupertinoIcons.ttf"]}